{"model":{"version":3,"nodes":[{"name":"RootNode","position":[0,0,0],"rotation":[0,0,0],"scale":[0.01,0.01,0.01],"scaleCompensation":false},{"name":"pCylinder2","position":[0,0,0],"rotation":[0,0,0],"scale":[1,1,1],"scaleCompensation":false}],"parents":[-1,0],"skins":[],"morphs":[],"vertices":[{"position":{"type":"float32","components":3,"data":[2.38684,0.224903,-0.639553,2.38684,-0.224903,-0.639553,2.13999,0.224903,-1.23552,2.13999,-0.224903,-1.23552,1.74729,0.224903,-1.74729,1.74729,-0.224903,-1.74729,1.23552,-0.224903,-2.13999,1.23552,0.224903,-2.13999,0.639553,-0.224903,-2.38684,0.639553,0.224903,-2.38684,2.94571e-07,-0.224903,-2.47104,2.94571e-07,0.224903,-2.47104,-0.639553,-0.224903,-2.38684,-0.639553,0.224903,-2.38684,-1.23552,-0.224903,-2.13999,-1.23552,0.224903,-2.13999,-1.74729,0.224903,-1.74729,-1.74729,-0.224903,-1.74729,-2.13999,0.224903,-1.23552,-2.13999,-0.224903,-1.23552,-2.38684,0.224903,-0.639553,-2.38684,-0.224903,-0.639553,-2.47104,0.224903,-1.47286e-07,-2.47104,-0.224903,-1.47286e-07,-2.38684,0.224903,0.639553,-2.38684,-0.224903,0.639553,-2.13999,0.224903,1.23552,-2.13999,-0.224903,1.23552,-1.74729,0.224903,1.74729,-1.74729,-0.224903,1.74729,-1.23552,0.224903,2.13999,-1.23552,-0.224903,2.13999,-0.639553,0.224903,2.38684,-0.639553,-0.224903,2.38684,-7.36428e-08,0.224903,2.47104,-7.36428e-08,-0.224903,2.47104,0.639553,0.224903,2.38684,0.639553,-0.224903,2.38684,1.23552,0.224903,2.13999,1.23552,-0.224903,2.13999,1.74729,0.224903,1.74729,1.74729,-0.224903,1.74729,2.13999,0.224903,1.23552,2.13999,-0.224903,1.23552,2.38684,0.224903,0.639553,2.38684,-0.224903,0.639553,2.47104,0.224903,0,2.47104,-0.224903,0,2.38684,0.224903,-0.639553,2.38684,-0.224903,-0.639553,2.13999,-0.224903,-1.23552,2.38684,-0.224903,-0.639553,0,-0.224903,0,1.74729,-0.224903,-1.74729,1.23552,-0.224903,-2.13999,0.639553,-0.224903,-2.38684,2.94571e-07,-0.224903,-2.47104,-0.639553,-0.224903,-2.38684,-1.23552,-0.224903,-2.13999,-1.74729,-0.224903,-1.74729,-2.13999,-0.224903,-1.23552,-2.38684,-0.224903,-0.639553,-2.47104,-0.224903,-1.47286e-07,-2.38684,-0.224903,0.639553,-2.13999,-0.224903,1.23552,-1.74729,-0.224903,1.74729,-1.23552,-0.224903,2.13999,-0.639553,-0.224903,2.38684,-7.36428e-08,-0.224903,2.47104,0.639553,-0.224903,2.38684,1.23552,-0.224903,2.13999,1.74729,-0.224903,1.74729,2.13999,-0.224903,1.23552,2.38684,-0.224903,0.639553,2.47104,-0.224903,0,2.38684,0.224903,-0.639553,2.13999,0.224903,-1.23552,0,0.224903,0,1.74729,0.224903,-1.74729,1.23552,0.224903,-2.13999,0.639553,0.224903,-2.38684,2.94571e-07,0.224903,-2.47104,-0.639553,0.224903,-2.38684,-1.23552,0.224903,-2.13999,-1.74729,0.224903,-1.74729,-2.13999,0.224903,-1.23552,-2.38684,0.224903,-0.639553,-2.47104,0.224903,-1.47286e-07,-2.38684,0.224903,0.639553,-2.13999,0.224903,1.23552,-1.74729,0.224903,1.74729,-1.23552,0.224903,2.13999,-0.639553,0.224903,2.38684,-7.36428e-08,0.224903,2.47104,0.639553,0.224903,2.38684,1.23552,0.224903,2.13999,1.74729,0.224903,1.74729,2.13999,0.224903,1.23552,2.38684,0.224903,0.639553,2.47104,0.224903,0]},"normal":{"type":"float32","components":3,"data":[0.965926,0,-0.25882,0.965926,0,-0.25882,0.866026,0,-0.5,0.866026,0,-0.5,0.707107,0,-0.707107,0.707107,0,-0.707107,0.5,0,-0.866025,0.5,0,-0.866025,0.258819,0,-0.965926,0.258819,0,-0.965926,2.01979e-07,0,-1,2.01979e-07,0,-1,-0.258818,0,-0.965926,-0.258818,0,-0.965926,-0.5,0,-0.866026,-0.5,0,-0.866026,-0.707107,0,-0.707107,-0.707107,0,-0.707107,-0.866025,0,-0.5,-0.866025,0,-0.5,-0.965926,0,-0.258819,-0.965926,0,-0.258819,-1,0,0,-1,0,0,-0.965926,0,0.258819,-0.965926,0,0.258819,-0.866025,0,0.5,-0.866025,0,0.5,-0.707107,0,0.707107,-0.707107,0,0.707107,-0.5,0,0.866025,-0.5,0,0.866025,-0.258819,0,0.965926,-0.258819,0,0.965926,0,0,1,0,0,1,0.258819,0,0.965926,0.258819,0,0.965926,0.5,0,0.866026,0.5,0,0.866026,0.707107,0,0.707107,0.707107,0,0.707107,0.866025,0,0.5,0.866025,0,0.5,0.965926,0,0.258819,0.965926,0,0.258819,1,0,-9.27453e-07,1,0,-9.27453e-07,0.965926,0,-0.25882,0.965926,0,-0.25882,0,-1,1.88579e-08,0,-1,-1.8858e-08,0,-1,2.62806e-10,0,-1,0,0,-1,0,0,-1,4.20486e-09,0,-1,4.20486e-09,0,-1,1.88579e-08,0,-1,1.88579e-08,0,-1,0,0,-1,0,0,-1,0,0,-1,0,0,-1,0,0,-1,0,0,-1,0,0,-1,0,0,-1,-1.05121e-09,0,-1,-1.05121e-09,0,-1,0,0,-1,0,0,-1,0,0,-1,0,0,-1,0,0,-1,-3.77158e-08,0,1,-4.99599e-14,0,1,3.77158e-08,0,1,-1.04854e-09,0,1,0,0,1,0,0,1,0,0,1,-4.20486e-09,0,1,5.2241e-09,0,1,9.42895e-09,0,1,-1.88579e-08,0,1,6.245e-15,0,1,1.88579e-08,0,1,0,0,1,0,0,1,-1.88579e-08,0,1,-1.88579e-08,0,1,0,0,1,0,0,1,1.05121e-09,0,1,1.05121e-09,0,1,0,0,1,0,0,1,0,0,1,0,0,1,-3.77158e-08]},"texCoord0":{"type":"float32","components":2,"data":[0.375,0.68844,0.375,0.3125,0.385417,0.68844,0.385417,0.3125,0.395833,0.68844,0.395833,0.3125,0.40625,0.3125,0.40625,0.68844,0.416667,0.3125,0.416667,0.68844,0.427083,0.3125,0.427083,0.68844,0.4375,0.3125,0.4375,0.68844,0.447917,0.3125,0.447917,0.68844,0.458333,0.68844,0.458333,0.3125,0.46875,0.68844,0.46875,0.3125,0.479167,0.68844,0.479167,0.3125,0.489583,0.68844,0.489583,0.3125,0.5,0.68844,0.5,0.3125,0.510417,0.68844,0.510417,0.3125,0.520833,0.68844,0.520833,0.3125,0.53125,0.68844,0.53125,0.3125,0.541667,0.68844,0.541667,0.3125,0.552083,0.68844,0.552083,0.3125,0.5625,0.68844,0.5625,0.3125,0.572917,0.68844,0.572917,0.3125,0.583333,0.68844,0.583333,0.3125,0.59375,0.68844,0.59375,0.3125,0.604167,0.68844,0.604167,0.3125,0.614583,0.68844,0.614583,0.3125,0.625,0.68844,0.625,0.3125,0.635316,0.0781251,0.650926,0.11581,0.5,0.15,0.610485,0.0457646,0.578125,0.0209336,0.54044,0.00532418,0.5,8.9407e-08,0.45956,0.00532416,0.421875,0.0209336,0.389515,0.0457646,0.364684,0.078125,0.349074,0.11581,0.34375,0.15625,0.349074,0.19669,0.364684,0.234375,0.389515,0.266735,0.421875,0.291566,0.45956,0.307176,0.5,0.3125,0.54044,0.307176,0.578125,0.291566,0.610485,0.266735,0.635316,0.234375,0.650926,0.19669,0.65625,0.15625,0.650926,0.88419,0.635316,0.921875,0.5,0.8375,0.610485,0.954235,0.578125,0.979066,0.54044,0.994676,0.5,1,0.45956,0.994676,0.421875,0.979066,0.389515,0.954235,0.364684,0.921875,0.349074,0.88419,0.34375,0.84375,0.349074,0.80331,0.364684,0.765625,0.389515,0.733265,0.421875,0.708434,0.45956,0.692824,0.5,0.6875,0.54044,0.692824,0.578125,0.708434,0.610485,0.733265,0.635316,0.765625,0.650926,0.80331,0.65625,0.84375]}}],"meshes":[{"aabb":{"min":[-2.47104,-0.224903,-2.47104],"max":[2.47104,0.224903,2.47104]},"vertices":0,"indices":[0,1,2,1,3,2,2,3,4,3,5,4,6,7,5,5,7,4,8,9,6,6,9,7,10,11,8,8,11,9,12,13,10,10,13,11,14,15,12,12,15,13,16,14,17,14,16,15,18,17,19,17,18,16,20,19,21,19,20,18,22,21,23,21,22,20,24,23,25,23,24,22,26,25,27,25,26,24,28,27,29,27,28,26,30,28,29,30,29,31,32,30,31,32,31,33,34,32,33,34,33,35,36,34,35,36,35,37,38,36,37,38,37,39,40,38,39,40,39,41,40,41,42,41,43,42,42,43,44,43,45,44,44,45,46,45,47,46,46,47,48,47,49,48,50,51,52,53,50,52,54,53,52,55,54,52,56,55,52,57,56,52,58,57,52,59,58,52,60,59,52,61,60,52,62,61,52,63,62,52,64,63,52,65,64,52,66,65,52,67,66,52,68,67,52,69,68,52,70,69,52,71,70,52,72,71,52,73,72,52,74,73,52,51,74,52,75,76,77,76,78,77,78,79,77,79,80,77,80,81,77,81,82,77,82,83,77,83,84,77,84,85,77,85,86,77,86,87,77,87,88,77,88,89,77,89,90,77,90,91,77,91,92,77,92,93,77,93,94,77,94,95,77,95,96,77,96,97,77,97,98,77,98,99,77,99,75,77],"type":"triangles","base":0,"count":288}],"meshInstances":[{"node":1,"mesh":0}]}}