{"model":{"version":3,"nodes":[{"name":"RootNode","position":[0,0,0],"rotation":[0,0,0],"scale":[0.01,0.01,0.01],"scaleCompensation":false},{"name":"pCylinder1","position":[0,0,0],"rotation":[0,0,0],"scale":[1,1,1],"scaleCompensation":false}],"parents":[-1,0],"skins":[],"morphs":[],"vertices":[{"position":{"type":"float32","components":3,"data":[-1.31105,16.9315,-2.27081,1.31105,0,-2.27081,-1.31105,0,-2.27081,1.31105,16.9315,-2.27081,-2.6221,16.9315,-3.90724e-07,-1.31105,0,-2.27081,-2.6221,0,-3.90724e-07,-1.31105,16.9315,-2.27081,-1.31105,16.9315,2.27081,-2.6221,0,-3.90724e-07,-1.31105,0,2.27081,-2.6221,16.9315,-3.90724e-07,-1.31105,16.9315,2.27081,-1.31105,0,2.27081,1.31105,16.9315,2.27081,1.31105,0,2.27081,2.6221,0,8.04714e-14,2.6221,16.9315,8.04714e-14,1.31105,0,2.27081,1.31105,16.9315,2.27081,1.31105,0,-2.27081,1.31105,16.9315,-2.27081,2.6221,0,8.04714e-14,2.6221,16.9315,8.04714e-14]},"normal":{"type":"float32","components":3,"data":[8.59241e-08,0,-1,8.59241e-08,0,-1,8.59241e-08,0,-1,8.59241e-08,0,-1,-0.866025,0,-0.5,-0.866025,0,-0.5,-0.866025,0,-0.5,-0.866025,0,-0.5,-0.866026,0,0.5,-0.866026,0,0.5,-0.866026,0,0.5,-0.866026,0,0.5,0,0,1,0,0,1,0,0,1,0,0,1,0.866025,0,0.5,0.866025,0,0.5,0.866025,0,0.5,0.866025,0,0.5,0.866026,0,-0.5,0.866026,0,-0.5,0.866026,0,-0.5,0.866026,0,-0.5]},"texCoord0":{"type":"float32","components":2,"data":[0.339142,1,0.174784,2.38419e-07,0.339546,1.19209e-07,0.174381,1,0.503904,1,0.339546,1.19209e-07,0.504307,0,0.339142,1,0.668665,1,0.504307,0,0.669068,-1.19209e-07,0.503904,1,0.668665,1,0.669068,-1.19209e-07,0.833427,1,0.83383,-2.38419e-07,1,-3.57628e-07,1,1,0.83383,-2.38419e-07,0.833427,1,0.174784,2.38419e-07,0.174381,1,0,3.57628e-07,0,1]}}],"meshes":[{"aabb":{"min":[-2.6221,0,-2.27081],"max":[2.6221,16.9315,2.27081]},"vertices":0,"indices":[0,1,2,1,0,3,4,5,6,5,4,7,8,9,10,9,8,11,12,13,14,14,13,15,16,17,18,19,18,17,20,21,22,23,22,21],"type":"triangles","base":0,"count":36}],"meshInstances":[{"node":1,"mesh":0}]}}